,acgh-and-snp-microarray,chip-seq,de-novo-genome-sequencing,dna-sequence-databases,gene-expression-microarray,genome-annotation2,immunology,information-extraction,laser-scanning-microscopy,metagenomics,peptide-databases,phylogenetics-and-phylogenomics,protein-interaction-analysis,protein-structure-analysis,rna-seq,rna-structure-analysis,rna-transcription-databases,single-cell-rna-seq,whole-exome-sequencing,whole-genome-resequencing
acgh-and-snp-microarray,13,0,0,0,0,0,0,0,0,0,0,0,0,0,1,0,1,0,2,1
chip-seq,0,22,0,0,1,0,1,0,0,0,0,0,0,0,1,1,0,0,0,0
de-novo-genome-sequencing,0,0,24,0,1,0,0,0,0,0,0,0,0,0,0,0,0,0,0,0
dna-sequence-databases,0,0,0,7,0,0,0,5,0,2,0,0,1,3,2,0,3,0,0,0
gene-expression-microarray,1,0,0,0,6,1,0,2,1,1,0,1,0,2,0,1,0,0,1,0
genome-annotation2,1,1,1,2,0,0,1,0,0,0,0,1,1,6,1,0,4,4,0,0
immunology,0,0,0,0,0,0,16,0,0,0,0,0,0,0,0,0,0,0,0,0
information-extraction,0,0,0,0,0,0,0,14,0,0,0,0,0,0,0,0,0,0,0,0
laser-scanning-microscopy,1,0,0,1,0,0,0,0,14,0,0,0,0,0,0,0,2,0,0,0
metagenomics,0,0,0,1,2,0,0,0,0,18,0,0,0,1,0,0,0,0,0,0
peptide-databases,0,0,0,0,0,0,1,0,0,1,19,0,0,0,0,0,2,0,0,1
phylogenetics-and-phylogenomics,0,0,0,0,1,0,0,0,0,0,0,13,0,0,0,0,1,0,1,2
protein-interaction-analysis,0,1,0,1,0,0,1,1,2,0,0,0,10,3,1,0,3,0,0,0
protein-structure-analysis,0,0,0,2,0,0,0,0,0,0,0,0,1,8,0,0,0,0,0,0
rna-seq,2,1,0,0,1,0,0,0,0,0,0,0,2,0,18,0,0,0,0,0
rna-structure-analysis,0,0,1,0,0,1,0,0,0,0,0,0,0,0,2,15,1,0,0,2
rna-transcription-databases,0,0,0,2,0,0,2,0,2,1,0,0,0,0,0,0,15,1,0,0
single-cell-rna-seq,0,0,0,0,0,0,0,0,0,0,0,0,0,1,1,0,2,13,0,2
whole-exome-sequencing,3,0,1,0,0,0,1,0,0,0,0,0,0,0,0,0,0,1,19,0
whole-genome-resequencing,0,0,2,0,1,0,0,0,0,2,1,1,0,0,1,1,4,1,1,2
